{
  "objective": {
    "cap_s": 8.0,
    "w_fwd": 1.0,
    "k_seeds": 3
  },
  "baseline": {
    "HIP0": -0.1,
    "KNEE0": 0.2,
    "ANK0": -0.1,
    "HIP_ROLL0": 0.06,
    "A_HIP": 0.35,
    "A_KNEE": 0.55,
    "A_ANK": 0.15,
    "GAIT_PERIOD": 1.4
  },
  "baseline_metrics": {
    "survival_s": 1.784,
    "fwd_m": 0.51810810729487,
    "score": 2.30210810729487
  },
  "optimized": {
    "HIP0": -0.06557891288933371,
    "KNEE0": 0.11023583593268328,
    "ANK0": -0.04691438547056748,
    "HIP_ROLL0": 0.15254678408624445,
    "A_HIP": 0.25787457845182804,
    "A_KNEE": 0.6410852647966798,
    "A_ANK": 0.19243186096597464,
    "GAIT_PERIOD": 1.2777571417045568
  },
  "optimized_metrics": {
    "survival_s": 2.0533333333333332,
    "fwd_m": 0.8704473742998918,
    "score": 2.923780707633225
  }
}